timestamp,AAVE/USD,DOGE/USD,ETH/USD,MKR/USD,PEPE/USD,SHIB/USD,SOL/USD,UNI/USD
2025-01-28 00:00:00+00:00,,,,,,,,
2025-01-29 00:00:00+00:00,,,,,,,,
2025-01-30 00:00:00+00:00,,,,,,,,
2025-01-31 00:00:00+00:00,,,,,,,,
2025-02-01 00:00:00+00:00,,,,,,,,
2025-02-02 00:00:00+00:00,,,,,,,,
2025-02-03 00:00:00+00:00,,,,,,,,
2025-02-04 00:00:00+00:00,,,,,,,,
2025-02-05 00:00:00+00:00,,,,,,,,
2025-02-06 00:00:00+00:00,,,,,,,,
2025-02-07 00:00:00+00:00,,,,,,,,
2025-02-08 00:00:00+00:00,,,,,,,,
2025-02-09 00:00:00+00:00,,,,,,,,
2025-02-10 00:00:00+00:00,,,,,,,,
2025-02-11 00:00:00+00:00,,,,,,,,
2025-02-12 00:00:00+00:00,,,,,,,,
2025-02-13 00:00:00+00:00,,,,,,,,
2025-02-14 00:00:00+00:00,,,,,,,,
2025-02-15 00:00:00+00:00,,,,,,,,
2025-02-16 00:00:00+00:00,,,,,,,,
2025-02-17 00:00:00+00:00,,,,,,,,
2025-02-18 00:00:00+00:00,,,,,,,,
2025-02-19 00:00:00+00:00,,,,,,,,
2025-02-20 00:00:00+00:00,,,,,,,,
2025-02-21 00:00:00+00:00,,,,,,,,
2025-02-22 00:00:00+00:00,,,,,,,,
2025-02-23 00:00:00+00:00,,,,,,,,
2025-02-24 00:00:00+00:00,,,,,,,,
2025-02-25 00:00:00+00:00,,,,,,,,
2025-02-26 00:00:00+00:00,,,,,,,,
2025-02-27 00:00:00+00:00,0.6340961291679785,0.782736230334415,0.7227876645763218,0.2808524884259107,,0.6080578875546476,0.733023555342819,0.7150532004675365
2025-02-28 00:00:00+00:00,0.6188668851885709,0.7818910132333008,0.7174127394090116,0.3067198170887828,0.4783400145896632,0.5998333228322483,0.7020810734925466,0.6880583648330976
2025-03-01 00:00:00+00:00,0.6119661795855222,0.7823394124824427,0.6938478645875603,0.3335606531307111,0.4282448756832136,0.5645054052701057,0.6576692463685654,0.6743598221418814
2025-03-02 00:00:00+00:00,0.7673897850902535,0.867941862036639,0.8417158398283026,0.13123637465500387,0.6599952103901889,0.6766059133720622,0.822138055869012,0.724534484678681
2025-03-03 00:00:00+00:00,0.8332238424296468,0.8993930851573654,0.8817509551668644,0.20505089100002413,0.7375105391171495,0.7473617048179713,0.8661675687079508,0.7758566898281609
2025-03-04 00:00:00+00:00,0.802529333240018,0.9146216433343443,0.8832121948758231,0.16108137082275006,0.723042973819365,0.7533587819646209,0.8666581653607138,0.799988395300188
2025-03-05 00:00:00+00:00,0.8017567605244826,0.9041393387711757,0.8999314803493197,0.18293318616115845,0.7175193085506459,0.7322686524271628,0.8463005822844673,0.7988890684531349
2025-03-06 00:00:00+00:00,0.8081903588041239,0.9002096791732795,0.8967320446432174,0.14295927847178927,0.7070976042475916,0.7197496418412178,0.8485291895124351,0.7825240111016868
2025-03-07 00:00:00+00:00,0.8113099416205831,0.8872929241024533,0.9046991153345947,0.13602189352028746,0.672521265159444,0.7178574943767119,0.8403020945899449,0.7785002492467905
2025-03-08 00:00:00+00:00,0.8272437424106306,0.8908497603509133,0.9014342420678888,0.13572671556054772,0.688477821309542,0.7336749686679707,0.8435642209350346,0.7795226044367518
2025-03-09 00:00:00+00:00,0.8348743367447006,0.9036241213698326,0.9128350481338252,0.2372101265462495,0.7209106142013595,0.7568779310058621,0.8408412646069484,0.8049005105867125
2025-03-10 00:00:00+00:00,0.8229395905625814,0.9051615598670408,0.9078879034175705,0.25399450245169913,0.7330048579234627,0.7693608803142971,0.8470465362553576,0.8062589303401551
2025-03-11 00:00:00+00:00,0.7920050453569866,0.9103747380289979,0.896872697428636,0.2534230126403025,0.7602338911911913,0.7816286966856165,0.8473107121279465,0.8028848700619088
2025-03-12 00:00:00+00:00,0.7812019848752128,0.9069293344214931,0.8942866034414515,0.24245182239762533,0.7492683556413774,0.7823188917150689,0.8479669519326668,0.7966706739039514
2025-03-13 00:00:00+00:00,0.7848803540413467,0.909160670474521,0.8913383399343586,0.23733673759106624,0.7524382617344518,0.7832474611031995,0.8453946879386421,0.7863634486299681
2025-03-14 00:00:00+00:00,0.7900172044502043,0.9090791759712685,0.8903068217461475,0.22905996203900744,0.7543506100992573,0.7999936817584757,0.8592574039058207,0.7880162092014347
2025-03-15 00:00:00+00:00,0.7956710328875652,0.9092876426196121,0.8895231927568196,0.22827197135394905,0.7543001002100196,0.8018640725934001,0.860012580564107,0.7822186165473612
2025-03-16 00:00:00+00:00,0.7959694598611129,0.9113312490704768,0.8892004162251823,0.23448298118500405,0.7562720799699292,0.7847746593698735,0.8591200555332876,0.7803066421582354
2025-03-17 00:00:00+00:00,0.8011625589804662,0.9125063943576879,0.8910108870823821,0.23824059867427613,0.7518257585976658,0.7803766291578028,0.8608114976873782,0.7851205233488673
2025-03-18 00:00:00+00:00,0.8046543255634919,0.9129115236731319,0.887358273298907,0.22700390103888382,0.7510734368984335,0.7803670154897422,0.8603436738358692,0.7760334495716603
2025-03-19 00:00:00+00:00,0.8213713369424849,0.9170427370526646,0.9025889869854974,0.22187892544402651,0.7475979916071905,0.7830361104852178,0.8727614135264833,0.802717256568051
2025-03-20 00:00:00+00:00,0.8230007708919752,0.9191612550217109,0.9050304553708783,0.23251175915287378,0.7430625114833705,0.7781924506754606,0.8788457161199558,0.7983088521563019
2025-03-21 00:00:00+00:00,0.8223245629731543,0.9185723616423367,0.9044123033781043,0.22373634975309706,0.7351012991028153,0.771417813893625,0.8803132281903008,0.8026888759373499
2025-03-22 00:00:00+00:00,0.8196002922343659,0.9204624624321759,0.903529859639248,0.19779657071438062,0.7322334248228395,0.7676056702038002,0.878786063364112,0.8078834834363764
2025-03-23 00:00:00+00:00,0.8202948594729204,0.9214656895254199,0.9018434776715778,0.2026381102817115,0.7332589978863195,0.7644232851503528,0.8781686440897155,0.7991908716647086
2025-03-24 00:00:00+00:00,0.8219159422918505,0.9206479629695806,0.9080933402741824,0.21029369654181496,0.7365114779457811,0.7691661802563144,0.8785703341322583,0.8011017651308875
2025-03-25 00:00:00+00:00,0.8209977532943846,0.9129527326041171,0.912650982294663,0.21046857670298813,0.7382372746833284,0.7667481719865178,0.8789777528861686,0.8002726859872589
2025-03-26 00:00:00+00:00,0.8091507471176642,0.9091208945062831,0.9101269837905818,0.15571303684756108,0.7067735750141569,0.7501765168004113,0.8727179479063748,0.7865199391603459
2025-03-27 00:00:00+00:00,0.806529052470457,0.9191060796133392,0.9195033433523288,0.28897050878018954,0.7324174585730194,0.7803175558432628,0.8892527155065371,0.8324896198257993
2025-03-28 00:00:00+00:00,0.8309347363713049,0.9299070990463997,0.9183901719669212,0.278345799324593,0.7714710914984325,0.8436846752694582,0.8927266526940218,0.8353855500448765
2025-03-29 00:00:00+00:00,0.8329292881331737,0.929883985737058,0.9206077877497776,0.30007608385203316,0.7754215022899297,0.8455595966386813,0.8936632369586852,0.837148860240291
2025-03-30 00:00:00+00:00,0.8390109474237012,0.9303945449876804,0.9231715266272291,0.308048235919399,0.7752559411832753,0.8491001138720138,0.914446798338162,0.8427801971403832
2025-03-31 00:00:00+00:00,0.8369004458810794,0.9299653372331249,0.9285475980059404,0.29679592990811177,0.7922065026083402,0.863222830082268,0.9287534266914761,0.8433306225309991
2025-04-01 00:00:00+00:00,0.8022967505431008,0.9096989421452712,0.9066927270630901,0.5061979103758752,0.7519859419517655,0.8259923684886737,0.905040271457143,0.8227346945040299
2025-04-02 00:00:00+00:00,0.7402317912074043,0.882489220623784,0.8805608126212906,0.48343099878944207,0.6861392648051003,0.7709081772068722,0.8845743739352265,0.7761774316120263
2025-04-03 00:00:00+00:00,0.8105487358880634,0.8820619828304411,0.8796132133098177,0.5168043973082665,0.6844600272756232,0.7696432341283242,0.8828123554044417,0.7809419800068622
2025-04-04 00:00:00+00:00,0.7946283103678186,0.877191689681679,0.8740598930182157,0.5380414796169259,0.6973140252276837,0.7695871920559338,0.8903305644329877,0.7634620531814769
2025-04-05 00:00:00+00:00,0.8010354227755864,0.8769321345543308,0.8740072044373378,0.549817036330221,0.6965924014630821,0.7703645773085548,0.8892492273792897,0.7741626638033545
2025-04-06 00:00:00+00:00,0.8238825838650207,0.9098224132079564,0.890622990767126,0.6613411796153393,0.7588254280090955,0.809260043733084,0.9127356356408374,0.8318191292097757
2025-04-07 00:00:00+00:00,0.8262172370238622,0.9099208661043388,0.9038053811315054,0.6741169314292994,0.7624107493574709,0.8171788915024276,0.9129377967091837,0.838107220448889
2025-04-08 00:00:00+00:00,0.8144528500552145,0.8928263857660063,0.895340265212121,0.5914117333263591,0.7378131845988859,0.7958681318811316,0.8934851521613415,0.8203052129562463
2025-04-09 00:00:00+00:00,0.8839513823419157,0.9186491339101658,0.9261872014748392,0.6711292722032469,0.7836028717101223,0.8536491318644208,0.9147708878760297,0.8618519545242044
2025-04-10 00:00:00+00:00,0.9245663739180836,0.9168109013793672,0.9398909684961929,0.7180917785566452,0.764934447216835,0.8480915459109649,0.9191746072825474,0.8835991850485589
2025-04-11 00:00:00+00:00,0.9279649783391251,0.9175208774322368,0.9328088031367254,0.7121755616591692,0.7665017447184226,0.8546794876536834,0.9248879120084488,0.8925679152773603
2025-04-12 00:00:00+00:00,0.9174230029582567,0.9165737607117581,0.9377501552228461,0.7292414200377884,0.7680840563627771,0.8562923552510047,0.9186901966859926,0.9096529857847669
2025-04-13 00:00:00+00:00,0.9143325349863447,0.9170383925981543,0.9416256387666609,0.7359402602507369,0.7643634344988901,0.8512519140048347,0.9160623976496478,0.9166065683834067
2025-04-14 00:00:00+00:00,0.9109174145120547,0.9088383168181815,0.9430568712976148,0.738527029268083,0.7633804509625849,0.8486781826895826,0.9161647728098085,0.9246417181414006
2025-04-15 00:00:00+00:00,0.9096455765967713,0.9072079513744528,0.9439807959075447,0.7361051237564957,0.7603829577788928,0.8762933782752815,0.9201140912366194,0.92649156404498
2025-04-16 00:00:00+00:00,0.9134772136917843,0.9061113563816534,0.9430288726997141,0.7318014134192627,0.7764525136631033,0.8855901013099289,0.9151523234189473,0.9252786891531567
2025-04-17 00:00:00+00:00,0.9112013983822789,0.9050221585366309,0.9512156283693417,0.7635881231566896,0.7768721331939261,0.8821197539350376,0.9147113619272224,0.9379415322683392
2025-04-18 00:00:00+00:00,0.9034887153022547,0.8964924281731137,0.9436975812711016,0.7932193728312504,0.7928503366857631,0.8606729175595533,0.9075964396568028,0.9297587917526046
2025-04-19 00:00:00+00:00,0.9142557056262288,0.8917035589039469,0.9456695525299545,0.7965287083266605,0.8274783255193277,0.8790008849364787,0.9002866805966359,0.9444288100027642
2025-04-20 00:00:00+00:00,0.9145600076101554,0.8910584115308786,0.9449742639477938,0.7978643290117345,0.8393582211738859,0.8871684036716614,0.8988239231864539,0.9446002379737479
2025-04-21 00:00:00+00:00,0.9129921815461419,0.8914127501253077,0.9342168462937684,0.7809250262587337,0.8377731528005059,0.8817325180634787,0.8756495525108356,0.9362961279976312
2025-04-22 00:00:00+00:00,0.9229452846013462,0.9086907611752103,0.9473187066355989,0.802824873112384,0.8615268425224645,0.9052254635412508,0.8845255502042151,0.9572784058731193
2025-04-23 00:00:00+00:00,0.902141269187751,0.914294345019423,0.9443942912129918,0.7994770172478736,0.8687822967846252,0.9079848394742177,0.8873075572132554,0.9544106399615129
2025-04-24 00:00:00+00:00,0.9027844693339443,0.9265757761187404,0.9437334257281904,0.8005112192966966,0.8682741095767189,0.9126752680433116,0.8900895421229192,0.9485391518010873
2025-04-25 00:00:00+00:00,0.9041375992744943,0.9350425808355022,0.9438963112062081,0.8224003415949415,0.8944946478841881,0.9231359761232305,0.8912639184175152,0.9493319280061979
2025-04-26 00:00:00+00:00,0.9020574417691412,0.938251308605438,0.9389018500743788,0.8276067133893273,0.8948147518818258,0.925016756077702,0.8909547349699455,0.9491048746305776
2025-04-27 00:00:00+00:00,0.9018094511519468,0.9357345232155847,0.9367052964016888,0.8507990773226987,0.8873495076956641,0.9123924376292302,0.8845565977481064,0.9423156012513654
2025-04-28 00:00:00+00:00,0.8978958057194925,0.9339850539131122,0.9351286061119719,0.8608144570351924,0.8867467855456627,0.9099752120977251,0.878264035566732,0.9387097884092794
2025-04-29 00:00:00+00:00,0.8961541772316098,0.9341368593652423,0.9324277128835471,0.8593834101678475,0.890446238683793,0.9104744007855491,0.8790575608055843,0.9388486875760301
2025-04-30 00:00:00+00:00,0.8982558795155969,0.9341960918594066,0.9332288112989245,0.8554866062506273,0.8957792778868252,0.9104715144395596,0.8781071461653818,0.941672009280223
2025-05-01 00:00:00+00:00,0.8994152273998968,0.9328523970534983,0.9315489336618894,0.8515843842641522,0.8694331987528834,0.9118749312422457,0.8847279784770721,0.9364620142989287
2025-05-02 00:00:00+00:00,0.8944710866315412,0.9287306647962045,0.9275755632149099,0.8368344644792102,0.8614844119002687,0.9065620607728658,0.874306945907343,0.9323218691961096
2025-05-03 00:00:00+00:00,0.884841404927356,0.9311970618585053,0.925371874746497,0.8373811366002599,0.8778816771848149,0.9062240952249496,0.8757869858158943,0.9332544387356095
2025-05-04 00:00:00+00:00,0.8872993176468014,0.9484045902206261,0.9236588832992905,0.8239750180131581,0.9012998385416875,0.9073775546909268,0.8857006185041587,0.9311537401681231
2025-05-05 00:00:00+00:00,0.8851172746813126,0.9482549020846262,0.9238838696218509,0.8267725688743496,0.8989420944096217,0.9087832772950477,0.885761024307087,0.9320959077270031
2025-05-06 00:00:00+00:00,0.8499337766077838,0.9321495068507967,0.8970581620350718,0.7244432961244632,0.8735977289204455,0.8880780415861779,0.8460787718731346,0.9093833962383064
2025-05-07 00:00:00+00:00,0.844033066412993,0.9329526802559098,0.9043193655024871,0.7426845740286273,0.8659065552671714,0.8874696507015776,0.8467005985021473,0.9088118322107973
2025-05-08 00:00:00+00:00,0.8490842049822918,0.9279640873315875,0.8612045950300276,0.8081562565947664,0.7794648032213698,0.8901322638705554,0.8828239131260303,0.834909969217176
2025-05-09 00:00:00+00:00,0.8099292643804734,0.8882980885628697,0.800393665811906,0.7282528428588955,0.7160792611788926,0.8199379807018703,0.8109817262283172,0.7983034843970934
2025-05-10 00:00:00+00:00,0.776395928790468,0.6937482478976049,0.7490661754403874,0.6649225606490179,0.7165785425512612,0.7331739281336751,0.7878636305678199,0.7118365262981703
2025-05-11 00:00:00+00:00,0.8138711293029183,0.7153766722649142,0.7902555717931773,0.686241732419475,0.7604580245997642,0.7316775486612133,0.7682540244233316,0.7365937381043953
2025-05-12 00:00:00+00:00,0.8065154405195634,0.7076435381971202,0.7863360397437237,0.6849365567500241,0.752864088263167,0.7295422966253867,0.7761734622743778,0.7274099880273497
2025-05-13 00:00:00+00:00,0.7894236224841705,0.7031080301916671,0.775224226133247,0.66585470128977,0.7544647556631352,0.7177267714761688,0.7541378291150469,0.726941603862058
2025-05-14 00:00:00+00:00,0.8031978780318526,0.7192077731284382,0.7800619667478006,0.669105960740703,0.7618496282773354,0.7269760727309162,0.7563030742718688,0.7332028179281125
2025-05-15 00:00:00+00:00,0.7943444409637982,0.7045949637637853,0.7727607832438281,0.6560269240399362,0.7475116216212347,0.7062223770424685,0.7307411478410836,0.7263787730714397
2025-05-16 00:00:00+00:00,0.7855625128427637,0.7026966953804891,0.7748445445043833,0.6597135471504134,0.7503181704462619,0.7102250779040078,0.7496729826001335,0.7283314573626747
2025-05-17 00:00:00+00:00,0.7847135462201955,0.7069462770131698,0.7799663861216674,0.6606790294339794,0.7540387035420788,0.7161258463552408,0.7525493644684601,0.7313439996696744
2025-05-18 00:00:00+00:00,0.7816842124459404,0.7270119519390744,0.7533074689966878,0.6466558701650887,0.7729499186813641,0.7591592936970211,0.7623313291507087,0.7431496826595124
2025-05-19 00:00:00+00:00,0.7346558884591639,0.7345007475519066,0.7467413867058844,0.6497751999594221,0.7780070741449995,0.764184566327884,0.7797682848584961,0.7471359925789736
2025-05-20 00:00:00+00:00,0.7327444670186657,0.7320043534670636,0.741322777100074,0.6445116955739237,0.77304105230415,0.7630986744790051,0.7788889008131902,0.7466039255722569
2025-05-21 00:00:00+00:00,0.6784694107141965,0.7377006605912662,0.7580214172974565,0.6589016723345719,0.7783393178438089,0.7769456067462377,0.8160873470194889,0.7607212669521589
2025-05-22 00:00:00+00:00,0.6454395400315427,0.7138773652123394,0.728356464765719,0.6099543945915156,0.7912865591457415,0.7510621042680902,0.7756802282132383,0.7781040703802751
2025-05-23 00:00:00+00:00,0.6236490651073734,0.7384712339904709,0.7420795530233392,0.6689899363447968,0.8054421932701148,0.7792735369401369,0.7759137787700497,0.7748084646972851
2025-05-24 00:00:00+00:00,0.6237144495014378,0.7394728570565182,0.7429117885524416,0.6711490447641002,0.8045994249944433,0.781442657339717,0.7763531673741034,0.7762100099377925
2025-05-25 00:00:00+00:00,0.6306793639278104,0.738320290327089,0.7413162001713219,0.6725544385023001,0.796960805142673,0.7817407956196931,0.7785301350740392,0.7756016914809715
2025-05-26 00:00:00+00:00,0.6362567844742317,0.7382757333689336,0.7438431684224042,0.6819190273119354,0.7974684725172857,0.7823672320853958,0.7774268786222771,0.7673100458257429
2025-05-27 00:00:00+00:00,0.624555828815015,0.7364697499619991,0.7253291241106521,0.6512673294328413,0.7927019182791771,0.7741441917339459,0.7707564980100992,0.7641268121395046
2025-05-28 00:00:00+00:00,0.6437424180457526,0.7440104401121742,0.7258160544183436,0.6274115127722816,0.7874990518133744,0.769777159872008,0.7837150054936347,0.7159613993566124
2025-05-29 00:00:00+00:00,0.6640006086409621,0.7415156416306389,0.7282537582614118,0.6458693522572851,0.7878578699641305,0.7697658006971027,0.7917705009824716,0.718335978811037
2025-05-30 00:00:00+00:00,0.6590006588661493,0.7489257255419433,0.7368005882556076,0.6622700203270103,0.7924250979503006,0.77516535263976,0.7958201392199028,0.7261921607461781
2025-05-31 00:00:00+00:00,0.642744777296628,0.7434112925370978,0.7413365745011979,0.6553456043607819,0.8256784792379293,0.7787209735057136,0.7961325624020786,0.737473168216775
2025-06-01 00:00:00+00:00,0.636429266257383,0.7422212178509957,0.7383204115391513,0.6629720309397001,0.8249087903863985,0.7791725977992148,0.801856533864123,0.7401584504351999
2025-06-02 00:00:00+00:00,0.6396635861212868,0.738752451214149,0.7366619579886139,0.610481549178266,0.8194111944410614,0.7726387491735476,0.8023528105876986,0.7364827358056039
2025-06-03 00:00:00+00:00,0.6153212020172744,0.7371350077378186,0.7364568423558434,0.578586170578285,0.8248389703255034,0.7728760896997926,0.8019411432187248,0.7302559651745545
2025-06-04 00:00:00+00:00,0.619241507503187,0.7398957676451946,0.7356138197912679,0.5842341535940582,0.8299497125256811,0.7744132238183697,0.8049778028345349,0.7346114005459882
2025-06-05 00:00:00+00:00,0.6758639864404106,0.7700826797278694,0.7819518953983078,0.6574026430225237,0.8562305773039939,0.7977816520592901,0.835635925535,0.7609955828018133
2025-06-06 00:00:00+00:00,0.6828578989856592,0.7705341916285691,0.7707492283700869,0.6136298845894447,0.8429780689306097,0.7983864562692797,0.833517257604996,0.7443966803871803
2025-06-07 00:00:00+00:00,0.49003723476151384,0.7161662428678297,0.6205848455514056,0.46064660879453445,0.7504826975735419,0.7393363848964934,0.7513454699700232,0.601086532563509
2025-06-08 00:00:00+00:00,0.49109398922879033,0.7247113012189141,0.6609086485137916,0.46458401455065235,0.7998266876616397,0.7597988912213555,0.8001245528508071,0.6070434765698604
2025-06-09 00:00:00+00:00,0.5786480599431391,0.8544913145462002,0.7353693791102932,0.5520522026712645,0.804397776680705,0.8370104671812584,0.8229731097660788,0.6816686980632425
2025-06-10 00:00:00+00:00,0.5319348696775219,0.8613011181826542,0.6966838050387053,0.48499650931347305,0.7977890838216176,0.8433104748999408,0.8070490382019023,0.45773001441074895
2025-06-11 00:00:00+00:00,0.5399877730919844,0.872942692439664,0.7006141309309718,0.4943751401231484,0.8129614427887528,0.8542583052508215,0.8277745836732927,0.47495122408846147
2025-06-12 00:00:00+00:00,0.5499658585552994,0.8794658532979188,0.7398558005796271,0.5033639681919481,0.8179914909147256,0.8632646109546882,0.8546201658843617,0.5061944036213748
2025-06-13 00:00:00+00:00,0.5437808657822899,0.8793228735540647,0.7279629673630902,0.47928650002183093,0.8141825840090717,0.8642192744897598,0.8503648753042549,0.5030854742153327
2025-06-14 00:00:00+00:00,0.5482349453342275,0.9029988423916917,0.7392728387712882,0.4902591664002822,0.8296647132061764,0.8969847421514067,0.8764282749719728,0.5159586926868054
2025-06-15 00:00:00+00:00,0.5544339067152435,0.9069117150516609,0.7387992998500343,0.4876078752407641,0.829224092674631,0.8968331641454937,0.8213631811093617,0.5139170373067903
2025-06-16 00:00:00+00:00,0.5509424107199293,0.8975340030528759,0.736681761680645,0.48452362624522927,0.8038718660127423,0.8874699052693732,0.807743018046374,0.5188723517856935
2025-06-17 00:00:00+00:00,0.5478481456261411,0.8757050128768823,0.7588307216513439,0.5319326550848721,0.7799352644379478,0.8679626595976415,0.788315993946413,0.4943301697958218
2025-06-18 00:00:00+00:00,0.584292159015518,0.8746662334785844,0.7702429858071955,0.5276279878959559,0.7766989850477625,0.8660453771856789,0.7889764810623319,0.4897561980424464
2025-06-19 00:00:00+00:00,0.5754520046442876,0.872139178880578,0.7779731680385367,0.5279680751559735,0.7830522761414921,0.8678527060046733,0.7852776872715966,0.4915782767369768
2025-06-20 00:00:00+00:00,0.683864895524802,0.8669148563164442,0.7920491708372553,0.5539130611676845,0.7858142007691671,0.8736829673777387,0.7739924780336225,0.5081413841175475
2025-06-21 00:00:00+00:00,0.6733569850302294,0.8589375534877296,0.7743323980770089,0.5730152416983705,0.7975132647090066,0.8684572787212327,0.7624345577734184,0.5105132177028953
2025-06-22 00:00:00+00:00,0.7401988153063043,0.8346191428642689,0.7555365868569738,0.5366263925632375,0.7664171569280108,0.8428435147656198,0.7815456294873981,0.4869109880434413
2025-06-23 00:00:00+00:00,0.8017360380981332,0.8703078869894083,0.8112340843852179,0.6391042369693921,0.8183933213036204,0.8812015786226862,0.8361558454487538,0.5185044140984055
2025-06-24 00:00:00+00:00,0.8003072788948091,0.8731088189552864,0.8132295406918628,0.6460272956266356,0.8276503844409827,0.8817576543108836,0.8413921090767629,0.5256110658474071
2025-06-25 00:00:00+00:00,0.7731883196379484,0.86630210881686,0.7946070303207474,0.6076455504975589,0.7830737098427065,0.8726424823905944,0.8252474098192559,0.5122654179244079
2025-06-26 00:00:00+00:00,0.7774649119910003,0.8692532521860015,0.8228952773902142,0.6129779513982547,0.786704490859013,0.8712590280933544,0.829836312476847,0.5121913315024292
2025-06-27 00:00:00+00:00,0.7686322891943209,0.8671993671810092,0.8361995912377498,0.6213297550909099,0.8013776066338404,0.8726896015801542,0.8197779339362379,0.5526642930937938
2025-06-28 00:00:00+00:00,0.7568918400712447,0.8691557242362449,0.8405755332758378,0.611217045085422,0.7947861623623942,0.8672479804775004,0.7821454600295795,0.5428470046295998
2025-06-29 00:00:00+00:00,0.7653623383552183,0.8930230492441862,0.8360174755478709,0.6005261657378244,0.7945567256057487,0.8879577667702095,0.7794234978358352,0.5331439000127911
2025-06-30 00:00:00+00:00,0.7729352769816874,0.8961839199315875,0.8326209225984137,0.6108261783977857,0.7992623622461305,0.8898568885985585,0.7636948325487416,0.5484721775374466
2025-07-01 00:00:00+00:00,0.7855802261812573,0.8983023510119544,0.8388121368800059,0.6211739191297083,0.8031621351239958,0.8893111204500486,0.7683612106546751,0.5577665094661716
2025-07-02 00:00:00+00:00,0.8017637169858202,0.9083390646338344,0.8604958650930389,0.6605811572433531,0.8303040488577373,0.9042646678438941,0.7771004924339824,0.594540175511744
2025-07-03 00:00:00+00:00,0.8155204493208044,0.908269139731078,0.8608116920906469,0.685489997734994,0.8315133672006791,0.9044651982004208,0.7748432778588692,0.60051402309372
2025-07-04 00:00:00+00:00,0.8215909619012969,0.9093633921944191,0.8706943371571182,0.6907147549705411,0.833911666169306,0.9067023670503684,0.7794414397596346,0.6100134351317703
2025-07-05 00:00:00+00:00,0.7972841467739968,0.8979515019867302,0.8536268476549893,0.6993588193656285,0.8136947837093849,0.8950496762042495,0.7568851077482298,0.5874381857036534
2025-07-06 00:00:00+00:00,0.8013375183491194,0.8840179983211455,0.8599754348627253,0.7565288413793622,0.8157400447373214,0.8892617761665007,0.7619516289719773,0.6059946672396835
2025-07-07 00:00:00+00:00,0.8005572272253515,0.8853810799121645,0.8578780213352956,0.7515751483087478,0.8102516934369276,0.8886239217230428,0.7638359601127477,0.598707380906448
2025-07-08 00:00:00+00:00,0.8039701382939194,0.8856889232206633,0.8573519874138855,0.7522780405909356,0.8126720371712882,0.8920908846009064,0.7672890137073849,0.6011774591413483
2025-07-09 00:00:00+00:00,0.753790687804179,0.8925607230611838,0.8465370021082881,0.7012360565543448,0.8093653132014955,0.9030644071798145,0.7581035006687697,0.6109231408722031
2025-07-10 00:00:00+00:00,0.7660822215421101,0.9146471534320865,0.9008840697953456,0.7325464727260068,0.8532865418166957,0.9279883294727141,0.770603867648758,0.7789542504675568
2025-07-11 00:00:00+00:00,0.730767465083405,0.9151422085621908,0.8946772903615323,0.6688330633306433,0.8386295064749185,0.913459243793063,0.752463927976789,0.772358413968233
2025-07-12 00:00:00+00:00,0.7257444343479464,0.9050798801338574,0.8854226429628634,0.6677933340390443,0.8272564383475741,0.9037571328782372,0.7277529397186459,0.7451257260303235
2025-07-13 00:00:00+00:00,0.7254366395507791,0.9001836716593499,0.8932602722930344,0.7111718756975159,0.8249237362587568,0.9025468103929951,0.7297929272786905,0.750702370230169
2025-07-14 00:00:00+00:00,0.7219923632462153,0.8976840441979669,0.8915434411218337,0.7045817520427144,0.8208456634076063,0.9015233049841196,0.7252836528230362,0.7329812389150402
2025-07-15 00:00:00+00:00,0.654490250342554,0.8658355738908721,0.7980495974982532,0.680037451564117,0.7485257132022753,0.8139481176435032,0.7364511892353264,0.696369725340288
2025-07-16 00:00:00+00:00,0.652597851994254,0.8575090570952363,0.768610698635926,0.6808745929511113,0.7789651032704286,0.8207403789963833,0.7297455524632588,0.6688797293951951
2025-07-17 00:00:00+00:00,0.6397954913167834,0.8603509966498891,0.7662795693199295,0.657899428069507,0.7672008259323527,0.8186762844885289,0.724640345888691,0.6874514761091978
2025-07-18 00:00:00+00:00,0.6347703220902312,0.744581462647399,0.7454636561630746,0.5630071241592427,0.7740842472477544,0.7987746880052387,0.7120924719272956,0.5422129076778245
2025-07-19 00:00:00+00:00,0.6341570824144178,0.7384945159794831,0.7427861669884843,0.5640479523225462,0.7646644661531142,0.7939502333339078,0.7138280131905909,0.5441527637593487
2025-07-20 00:00:00+00:00,0.6114464956226899,0.5698086310260649,0.6929432249380043,0.5408777003671299,0.7315682279494774,0.7481850895722071,0.6782184438749962,0.4949094827364461
2025-07-21 00:00:00+00:00,0.5935263769313184,0.54916729935328,0.6822223296234633,0.5158378851695816,0.7200190553868044,0.7379488621526666,0.597167990594733,0.46545447618738955
2025-07-22 00:00:00+00:00,0.5011800587653426,0.4979752083256571,0.6154417645642882,0.47815103268615544,0.6816975268330321,0.6885935992638452,0.5952575835634297,0.41317605689248943
2025-07-23 00:00:00+00:00,0.363224775036885,0.47082062001087194,0.5500809629415562,0.3006315457844505,0.630669064118887,0.5877498132784376,0.5092293442508818,0.3770640875386584
2025-07-24 00:00:00+00:00,0.3686127573705847,0.47920219175532636,0.5421826337593801,0.3050908434178521,0.6349797319835996,0.5924110250158215,0.5161451100376565,0.38029976691773754
2025-07-25 00:00:00+00:00,0.37845469331227505,0.48590158954735047,0.580013335838842,0.25330821762710704,0.6866721644225784,0.5766156925554998,0.526695418951227,0.38545630138449255
2025-07-26 00:00:00+00:00,0.3697839455610561,0.47833114921762504,0.5750912766323676,0.23659734123488485,0.6816410312054406,0.5712650415415517,0.5186386606702553,0.3771256545339942
2025-07-27 00:00:00+00:00,0.39442640911782034,0.47753146884853787,0.5808745227669245,0.24779949585791242,0.683164479623718,0.5717948481395903,0.5250362767089183,0.3843499000279873
2025-07-28 00:00:00+00:00,0.4304436630719966,0.506221374921039,0.6012322534511358,0.2973805404963094,0.7050202649865056,0.5981237992704062,0.5702009817461027,0.4150481466789474
2025-07-29 00:00:00+00:00,0.4308042769643928,0.5038724805509642,0.5998749770242857,0.2880702920244346,0.7127262054958071,0.5953443883026632,0.5697399871213225,0.4128014706440303
2025-07-30 00:00:00+00:00,0.4267840759090866,0.49284215880349613,0.5920180420898483,0.2558229322230851,0.6989000966580033,0.5785975610775553,0.5869727279735862,0.3931620042340879
2025-07-31 00:00:00+00:00,0.43526310788611045,0.49865198665203303,0.5989580954625056,0.25075969768328427,0.7011047218549517,0.589135092234572,0.5820218227500907,0.40164205515567525
2025-08-01 00:00:00+00:00,0.37112024031864554,0.48795261510930854,0.5993859719937497,0.18925988898367013,0.6708878228212672,0.5695835174644075,0.6088793787797365,0.33828077152564284
2025-08-02 00:00:00+00:00,0.3738186476950989,0.49370585172142956,0.6072506194894949,0.21308238201630522,0.6755038583714773,0.5734249455687361,0.6174475401895061,0.34603653622695774
2025-08-03 00:00:00+00:00,0.3640123758002055,0.4790083112924829,0.5920815062046154,0.19773195911855362,0.6668395990158491,0.5654608248137702,0.6078177838550207,0.31571801039381353
2025-08-04 00:00:00+00:00,0.3754219903995113,0.4830913222077837,0.5856174448069266,0.20879400576451604,0.6690604701283679,0.5687142737717357,0.6074956226806201,0.3274975613947019
2025-08-05 00:00:00+00:00,0.38085168686933923,0.48859990308148565,0.5944182867779859,0.22665487766710968,0.6717936095414462,0.5722385766261454,0.61116446165967,0.3456270834950969
2025-08-06 00:00:00+00:00,0.3831893123915694,0.48302537210881297,0.5870528331505646,0.23742800289035162,0.6748675554544237,0.5695998297123748,0.6068051451840315,0.34161312408086003
2025-08-07 00:00:00+00:00,0.44172620857497896,0.5167843262867664,0.613746344532493,0.26119854102680407,0.6886312935376749,0.5900853912425628,0.6234175362349235,0.37950993333998867
2025-08-08 00:00:00+00:00,0.39833123511215335,0.4788319380928208,0.5721899653795419,0.24645171967922566,0.6066386876422583,0.5394160499102519,0.6032385374678246,0.3108555348885392
2025-08-09 00:00:00+00:00,0.36920440316486786,0.41151659828676185,0.4734694666580196,0.2017195114311,0.43875678834738735,0.4046033097244285,0.5895869719316259,0.34662303206127304
2025-08-10 00:00:00+00:00,0.38983161997341464,0.3282451736569165,0.4318348665595451,0.2603117015734483,0.3739574921290303,0.3661791711548815,0.5997323803933557,0.29761048105742194
2025-08-11 00:00:00+00:00,0.39984478422954095,0.3359772145149514,0.43667989329001117,0.2698932370310519,0.3793537521509853,0.3728089647442624,0.5997809097508785,0.2974270722621035
2025-08-12 00:00:00+00:00,0.43188779896994994,0.3677657459134574,0.48185168222750235,0.27983150082927494,0.4162220711723547,0.399577115207047,0.6249182445505406,0.3211355455219659
2025-08-13 00:00:00+00:00,0.4409608589733017,0.3851815627542925,0.48507183055852643,0.22030581015118228,0.40192346895759345,0.4230042285106175,0.6447903866927455,0.3379209856958472
2025-08-14 00:00:00+00:00,0.5629331705057193,0.48749884719117464,0.5993598225388815,0.3369969342480796,0.5800281025192248,0.5852850058222162,0.6782836154560309,0.5039065556812977
2025-08-15 00:00:00+00:00,0.5784302633127428,0.46965900657826953,0.6092468876293777,0.33040538664609037,0.5781383663936895,0.5779506045623748,0.6824469962421587,0.5412682894406673
2025-08-16 00:00:00+00:00,0.5791802974039502,0.4669930353548299,0.6048952186739482,0.3344689850050855,0.5776607704139941,0.5759657620600148,0.679900067562098,0.5425896396496879
2025-08-17 00:00:00+00:00,0.5873431006290512,0.5268605765380435,0.619934667019509,0.4032164850506742,0.5724051230948102,0.5955832775314561,0.6895315988385274,0.7022616000956471
2025-08-18 00:00:00+00:00,0.5975840568245468,0.5400655522084835,0.6289295924354547,0.42076868408073886,0.5879206917131659,0.6041982286943136,0.6961079283419939,0.7082232244004392
2025-08-19 00:00:00+00:00,0.6149456531527128,0.6697630922945388,0.692811421491657,0.44657279710261055,0.6216646978071996,0.6586175389600015,0.7125649832072153,0.7483461141353401
2025-08-20 00:00:00+00:00,0.6252385732056202,0.6800226519859586,0.7008531513130244,0.4552439832360812,0.6333166373327636,0.6689876707477209,0.7550710873923787,0.7543812857348747
2025-08-21 00:00:00+00:00,0.6889089996584482,0.7077908561126786,0.7517753190575919,0.4836733982332924,0.6451666599809064,0.6878327127511559,0.7458467151637904,0.7975786151024549
2025-08-22 00:00:00+00:00,0.7623356762853637,0.7861347724785451,0.8074276127502599,0.5382191855822579,0.7250412121041167,0.7840083622563073,0.8123833208210206,0.837674338586426
2025-08-23 00:00:00+00:00,0.737988909349802,0.7902460587852569,0.8113008241271564,0.5496872318536182,0.7288222037985175,0.7823906505765015,0.8014623371625355,0.8351016629087705
2025-08-24 00:00:00+00:00,0.7492144818165125,0.7960071697790911,0.8053703321333914,0.6611479881439343,0.7397799576578724,0.809994603482567,0.7924220567470969,0.8494987772142534
2025-08-25 00:00:00+00:00,0.7726225951986686,0.8159603778013348,0.8244834872538058,0.6560996720529649,0.7655622409120552,0.829201845354345,0.8153484628724622,0.861266969242401
2025-08-26 00:00:00+00:00,0.7769942880986944,0.8202129206109113,0.8276203196760938,0.6562615036320713,0.7664453699030649,0.834584763355014,0.8216645735615067,0.8574777290694633
2025-08-27 00:00:00+00:00,0.7690470344209474,0.8203715095156491,0.8240646151221807,0.6530560294461178,0.7667341066872191,0.8419853542710202,0.808450404324248,0.856647102422288
2025-08-28 00:00:00+00:00,0.7578532227019545,0.8223245951999127,0.8134605425452636,0.6451433326072972,0.7734898451359346,0.8455235726793682,0.8141367691426082,0.8563756472024863
2025-08-29 00:00:00+00:00,0.7188186209828468,0.8213108873672577,0.8071236889383069,0.6008353365866356,0.7695349427943634,0.8474102129836897,0.8212825174894351,0.8489061771683006
2025-08-30 00:00:00+00:00,0.7083899454919413,0.8168204175209689,0.8011320839279695,0.5944603277418101,0.7638324374143258,0.8442948012663873,0.8097234878252688,0.8465474075105646
2025-08-31 00:00:00+00:00,0.7057945291842982,0.8117815081832107,0.7923760523864285,0.5849144512287031,0.7597049677244971,0.8399060881748862,0.8015562625257976,0.8447427336334552
2025-09-01 00:00:00+00:00,0.6781155925401573,0.8054619289127596,0.7746625738735624,0.5900216913806949,0.7458760332577015,0.8312243097611237,0.783550427568909,0.824141579101629
2025-09-02 00:00:00+00:00,0.675424272444133,0.7963759183170298,0.7547122443436545,0.5955189192290316,0.7465539452425553,0.8300417534973612,0.7939815472864222,0.8176077059696867
2025-09-03 00:00:00+00:00,0.6743516551371029,0.7999143969918352,0.7587873184393317,0.5941195051438615,0.7450697723439413,0.8287318058263287,0.7914448483598435,0.8378701461865246
2025-09-04 00:00:00+00:00,0.6724764573065082,0.8050539973336588,0.7595122727329652,0.6084998039552303,0.7483817939036249,0.8318247336544246,0.7918268759777806,0.8389363023276593
2025-09-05 00:00:00+00:00,0.6674203129258423,0.8014180465675695,0.7584797510013784,0.6110080588410609,0.7419788708726655,0.8262842168915474,0.7905363000826493,0.8384432081938723
2025-09-06 00:00:00+00:00,0.6467686868117859,0.7896586632357725,0.7454446569834703,0.5953813722032226,0.7294311640533457,0.8169401159784802,0.7855434537258514,0.8290793160676994
2025-09-07 00:00:00+00:00,0.6517196463087955,0.8049316350350887,0.7518156886764588,0.6000913694865386,0.7733746456110917,0.8395987678115939,0.7894806737247,0.8522730995019412
2025-09-08 00:00:00+00:00,0.663751188346711,0.8131073929991973,0.7729223811666778,0.6126884012652924,0.792506928314239,0.8558339071893617,0.792616782491428,0.8551273292311192
2025-09-09 00:00:00+00:00,0.6920546583884449,0.8731710730822271,0.8030510019445491,0.6260712574648722,0.8449150589544436,0.8988637593992439,0.8095602244767325,0.8829746328761343
2025-09-10 00:00:00+00:00,0.6817241418761185,0.8751583135898332,0.7869366538384983,0.6178335399645233,0.8622170763596605,0.9111747975125915,0.8159760662314374,0.8795663019095981
2025-09-11 00:00:00+00:00,0.6906980771886648,0.878303815755194,0.8034151810408858,0.6162003238313841,0.8753281531873345,0.9149077591125148,0.8283309308588972,0.8811258024012513
2025-09-12 00:00:00+00:00,0.6896794724990565,0.865313569001348,0.7907233869385704,0.6717621676978932,0.8677259074397263,0.9010112108647734,0.8154874470637231,0.8769889384250718
2025-09-13 00:00:00+00:00,0.6677900309107178,0.8300536682875387,0.7928913148791309,0.636457628676005,0.8347185727263704,0.8712421582757148,0.8134129418850401,0.8518860486328056
2025-09-14 00:00:00+00:00,0.6659749697515088,0.8336373452656308,0.7918165985373743,0.6358669721156505,0.8313886016907619,0.854432161983061,0.8153917448327388,0.8289810047355527
2025-09-15 00:00:00+00:00,0.6636179005947828,0.8199071278203932,0.7880235575119668,0.641714386243602,0.7964158580357056,0.822976923008265,0.8069941104502658,0.8305188097547036
2025-09-16 00:00:00+00:00,0.6577719033843581,0.8116419584174125,0.7755590971940223,0.6402163101053525,0.7994866593983763,0.8191181944954709,0.8001251468107073,0.83221315414301
2025-09-17 00:00:00+00:00,0.6449905253106671,0.7951898550758489,0.7657485844240359,0.6407391279533732,0.7859200833368291,0.8034795322343479,0.7903257789838698,0.8194832523780606
2025-09-18 00:00:00+00:00,0.6317909341221856,0.7642584300364561,0.7414120672072229,0.6175596165040946,0.7755899844240184,0.7765030753971134,0.7791053780628602,0.8114031359630685
2025-09-19 00:00:00+00:00,0.6368342198647099,0.7664201049838213,0.7464807700726368,0.6129063485353873,0.7760061640378446,0.778638910519361,0.7839198355899166,0.8224952623716875
2025-09-20 00:00:00+00:00,0.6513564504377076,0.7588870279824731,0.7405847832054058,0.5984156417599233,0.7739232065582107,0.7771608143311207,0.7736979640617951,0.8168731540379863
2025-09-21 00:00:00+00:00,0.4998964942188418,0.6822441221530087,0.6413309667317161,0.533221443828465,0.7028988941339508,0.7105066524953757,0.7011183297748396,0.7504742343580185
2025-09-22 00:00:00+00:00,0.6181756225809241,0.7110329186576341,0.6786184656430516,0.49088311237699983,0.7258303394098738,0.739049768476206,0.7545241850196481,0.786133480552335
2025-09-23 00:00:00+00:00,0.5983153125146002,0.7134247979515973,0.7033794441887994,0.44888423292154045,0.7174470833121063,0.7331941005199648,0.7833305817098684,0.7827241132232957
2025-09-24 00:00:00+00:00,0.5172931618343929,0.649119231760404,0.6160789256911885,0.3907890298137465,0.6503810556090874,0.6665201280919928,0.7078639409195988,0.7041384536885301
2025-09-25 00:00:00+00:00,0.5697908237851746,0.6971691866985975,0.6949820175098838,0.3005882945276393,0.6749583862217009,0.6765299316378155,0.7656170063984501,0.7193965921151625
2025-09-26 00:00:00+00:00,0.5727106480318204,0.6996534933510289,0.6810993064276819,0.2940896219386989,0.6772295485443336,0.678768048562222,0.7743445572278234,0.7212461506860748
2025-09-27 00:00:00+00:00,0.5835071923429175,0.6942199348242412,0.6852035492190663,0.359741008867144,0.6704224113457993,0.6715838752611213,0.7673103795772511,0.7134156345845896
2025-09-28 00:00:00+00:00,0.7317561580938321,0.6844987490114771,0.701727054281242,0.33330030168452834,0.6654408392499063,0.6516694412821288,0.7849359558495279,0.7318817380309334
2025-09-29 00:00:00+00:00,0.7223388601173595,0.6410238159411,0.7063059682605622,0.3106394940313114,0.6372595005751913,0.6214421506668697,0.7719264618750025,0.7160618118680964
2025-09-30 00:00:00+00:00,0.7227002340132644,0.6401890834792846,0.7156241174875706,0.3002701261776428,0.634177559718823,0.6200319234363467,0.771798521456353,0.7184719777404354
2025-10-01 00:00:00+00:00,0.7717378271533452,0.6923759796306846,0.771805492335567,0.23307986355132584,0.6722379045636032,0.6805834478908224,0.8079797140823647,0.7834707175290058
2025-10-02 00:00:00+00:00,0.7592019733221697,0.7066805704792556,0.7928777971316897,0.14166556438107966,0.673753939122814,0.6757323058760748,0.806056132564468,0.7842573191239044
2025-10-03 00:00:00+00:00,0.7759200117468084,0.6835425534264974,0.7996407182790011,0.16832780044496284,0.6573807269191104,0.6697936218138311,0.7871064550752095,0.7591045835648775
2025-10-04 00:00:00+00:00,0.7774057590884796,0.6696279339133098,0.7943471663925471,0.04263560201568019,0.6402404753348446,0.6542741915075635,0.7775404861842681,0.7511376745442628
2025-10-05 00:00:00+00:00,0.7780373270827038,0.6761429802322,0.79510333916904,,0.6544895035063616,0.6707537165320459,0.7760994504979349,0.7603254345363663
2025-10-06 00:00:00+00:00,0.7676755233797382,0.6734801721512468,0.7869695720381068,,0.6531738345231084,0.6673951651325101,0.7744770169798315,0.7584437060920465
2025-10-07 00:00:00+00:00,0.799940951172731,0.7191164783850916,0.8129688428759052,,0.6946943015116678,0.7071943816593471,0.7957216428474707,0.7881259428861204
2025-10-08 00:00:00+00:00,0.804837968232533,0.7319324901821073,0.8163676886726916,,0.6978015462886608,0.7127810488430152,0.8037228987843201,0.7927166331117061
2025-10-09 00:00:00+00:00,0.8111984556838815,0.737973475753853,0.8269214566980896,,0.7094954445683356,0.7254096636379969,0.8211495793862907,0.8001115999632097
2025-10-10 00:00:00+00:00,0.9012892999359338,0.8633784996561925,0.9000776293457677,,0.8386825868484749,0.8425554620892085,0.8311449806972135,0.8560945175083683
2025-10-11 00:00:00+00:00,0.8399797999033225,0.8300720577036973,0.8966871791434561,,0.8405704750479736,0.8450111227775867,0.8082706460060746,0.8055136942675444
2025-10-12 00:00:00+00:00,0.8617912793024409,0.8618134039938867,0.9213619116111301,,0.8853462215734416,0.8839989065430527,0.8461787075234584,0.8262091934317229
2025-10-13 00:00:00+00:00,0.8510887333727837,0.8704780405506403,0.9175459120488266,,0.8809140488528778,0.8784329704006419,0.82590583047589,0.8030002378343557
2025-10-14 00:00:00+00:00,0.8493750571905188,0.8715711566736778,0.9179962846610773,,0.8810706236537145,0.8864800552598533,0.8270760321915885,0.8109244440590487
2025-10-15 00:00:00+00:00,0.8559484839253401,0.8745563105318857,0.9223513214491541,,0.8973267456077851,0.9053482802669478,0.8331102432775167,0.8139586892268341
2025-10-16 00:00:00+00:00,0.8631628543474007,0.8745538421591126,0.9264372112588801,,0.8945965062488294,0.905498167578818,0.8372469353332158,0.8141660172495409
2025-10-17 00:00:00+00:00,0.8676252194630256,0.8837536035073638,0.9312201861857364,,0.9047530358178573,0.9191602228976333,0.8449186456767585,0.8192772977375385
2025-10-18 00:00:00+00:00,0.8644481810830378,0.8870353786565972,0.9326155071009141,,0.9049626804195464,0.9205666926888295,0.8444203678744778,0.8144772467504718
2025-10-19 00:00:00+00:00,0.8657079990938432,0.8878299559060284,0.9332725386364566,,0.9069824734013504,0.9228433286757122,0.8402192952625169,0.8162221029819842
2025-10-20 00:00:00+00:00,0.8681161705497977,0.8878044730180117,0.9237423873567273,,0.9079937453186521,0.9228578806443485,0.8380697338331484,0.8164077948027578
2025-10-21 00:00:00+00:00,0.8703945100030016,0.8859538862016465,0.9240400448994175,,0.9070925297710113,0.9167799236839622,0.8356328024997862,0.8088907148724441
2025-10-22 00:00:00+00:00,0.8681409869855657,0.8828617721822646,0.9232581982406391,,0.9046693075750794,0.9145762895377485,0.8307543424966077,0.8049720324578804
2025-10-23 00:00:00+00:00,0.8773612683590394,0.8798401074456955,0.9171997187003208,,0.907061273578076,0.9177311477042513,0.8381870313846553,0.8113990207182183
2025-10-24 00:00:00+00:00,0.8773585222125204,0.8800611306774487,0.9220612690614927,,0.9061615423509451,0.9190601195974517,0.8449914099501548,0.8170367317524624
2025-10-25 00:00:00+00:00,0.8699991335803117,0.8755943115832787,0.9140086250268133,,0.909403763064738,0.9221735780190418,0.8278181004756677,0.8143424009372054
2025-10-26 00:00:00+00:00,0.8812009763086278,0.8803398433121159,0.9269475087581475,,0.9100582431651704,0.9286856806205847,0.8458204561555425,0.8231190084139479
2025-10-27 00:00:00+00:00,0.8818407192157818,0.8805265490207008,0.927164843038908,,0.9101985608250702,0.9288808814724531,0.8460324588663383,0.8238056216208423
2025-10-28 00:00:00+00:00,0.8810675706399602,0.8827426531145902,0.9247573652555364,,0.9111241735119846,0.9305672475170224,0.8436114752583345,0.8268663851371855
2025-10-29 00:00:00+00:00,0.8666565141247584,0.8799193665126855,0.9209073200854412,,0.8914695536376559,0.9130240359776927,0.8305293429590352,0.8194814925283211
2025-10-30 00:00:00+00:00,0.8680142417350857,0.8816810115486774,0.9233024818838093,,0.8877171970552983,0.9133586239333294,0.8336522808342474,0.8200966687577231
2025-10-31 00:00:00+00:00,0.86869746068636,0.8805900790954335,0.9214492332845899,,0.8918985619728425,0.908243295888068,0.8205707449882622,0.8037697245265478
2025-11-01 00:00:00+00:00,0.8659713919199272,0.8771628933817214,0.9194123686520084,,0.8886781902565407,0.9063004112496731,0.8150934855477479,0.7994288221376112
2025-11-02 00:00:00+00:00,0.8678369714131551,0.888511386117416,0.9236310255967152,,0.8976194422513285,0.9102696767990718,0.8261742851444687,0.8152316934326033
2025-11-03 00:00:00+00:00,0.8776757709367602,0.9005816046200924,0.9296209615924926,,0.9046750270914501,0.9171862976652703,0.8405347116220153,0.8321019503461736
2025-11-04 00:00:00+00:00,0.8668833634634578,0.8653067673287919,0.9385696626723735,,0.8571461341592755,0.8987674670321601,0.8447885107660301,0.7950818919870333
2025-11-05 00:00:00+00:00,0.8725484421587449,0.8623082386501366,0.9427416992842672,,0.8561625780874037,0.9024687676342461,0.8505973696338035,0.8014774343837305
2025-11-06 00:00:00+00:00,0.864780049113524,0.8564862434523827,0.9409174996590873,,0.8508260017586984,0.8925617386208786,0.8492287724627603,0.7890140399859232
2025-11-07 00:00:00+00:00,0.8676477509703321,0.8552696892210764,0.943687649739192,,0.8483739872088748,0.8654068210561142,0.8502447101032529,0.7843119100587393
2025-11-08 00:00:00+00:00,0.8676463583533441,0.854846681671779,0.9445771486610365,,0.8478088082658254,0.8646824352053941,0.8499885004981571,0.7767268608071111
2025-11-09 00:00:00+00:00,0.8236627165594654,0.807651611070983,0.9293605400572912,,0.765260553605249,0.7961291470692986,0.8544002598537466,0.7559484353754563
2025-11-10 00:00:00+00:00,0.8600316573932671,0.8350459818555014,0.9201471365998545,,0.7645236431477939,0.790870077980585,0.8794603434700247,0.5478307385341058
2025-11-11 00:00:00+00:00,0.8613545446755398,0.8196211074613683,0.9246800858441838,,0.7370205287058448,0.7730989920396566,0.8684315163805189,0.5415555898471277
2025-11-12 00:00:00+00:00,0.8635652868020546,0.8231686583453527,0.9218264115538504,,0.745409599602492,0.7818513367768084,0.8922631006060842,0.5455556577584643
2025-11-13 00:00:00+00:00,0.865716833397579,0.8233285170341699,0.9183943957761385,,0.7468807788601476,0.7786839613855322,0.8929608498623637,0.5300947999796565
2025-11-14 00:00:00+00:00,0.8834595544067356,0.80234940576575,0.8933167773843258,,0.7726044710991564,0.7624607545061409,0.8640898678039899,0.5531623933628393
2025-11-15 00:00:00+00:00,0.88256128599616,0.8005299853873448,0.896533148702977,,0.7713225451117721,0.7561524160065166,0.859492755476694,0.5513904289975801
2025-11-16 00:00:00+00:00,0.887539222774127,0.801198089600874,0.8980951702578653,,0.7699085855226581,0.7547723929828329,0.8609491600649178,0.5514138028035516
2025-11-17 00:00:00+00:00,0.8841784561642114,0.8041501358455722,0.89596353269071,,0.7684415654777355,0.7584161438052822,0.8653932835145236,0.546787458689045
2025-11-18 00:00:00+00:00,0.8813796040234564,0.7898469065419428,0.8920633080759464,,0.7660605149598652,0.7592403693025767,0.8455286678233805,0.5418978904278309
2025-11-19 00:00:00+00:00,0.8811190276991065,0.786117487058726,0.9037375450104197,,0.7611914905615423,0.7626199165375107,0.849771364429876,0.5553877321694831
2025-11-20 00:00:00+00:00,0.8636464896925019,0.7669230177387117,0.9080254986822424,,0.7628597805391075,0.7571488287872771,0.8088010307599633,0.5750100196925643
2025-11-21 00:00:00+00:00,0.8642323354200817,0.7646726199114875,0.9092986515097519,,0.7597024902474805,0.7560236596670578,0.8131523003059138,0.5784216591354402
2025-11-22 00:00:00+00:00,0.8614970029321118,0.7588772304161124,0.9150550252214765,,0.7501212691365304,0.7493014410183515,0.7983251910415771,0.5745749374699253
2025-11-23 00:00:00+00:00,0.8606559414067587,0.7658189554254916,0.9040451232062473,,0.739649933214379,0.7368737618292726,0.7992967199955389,0.5577808683371047
2025-11-24 00:00:00+00:00,0.8730754401800138,0.7797856194896908,0.9029322624067327,,0.7449259545726186,0.7504861330394664,0.8061558138614497,0.5589098519632866
2025-11-25 00:00:00+00:00,0.8641343993299334,0.7614291316627939,0.8911571491075144,,0.7412682199848665,0.7026119730430961,0.7958142856098191,0.5508929838578167
2025-11-26 00:00:00+00:00,0.8566361975309292,0.7462363645862726,0.882767329928525,,0.7389329099737297,0.6293869189579467,0.795415454881366,0.5249945520902555
2025-11-27 00:00:00+00:00,0.8525478255370179,0.7386566003348303,0.8827980333043144,,0.7387105244655225,0.6355988833854936,0.7855189124613016,0.5122281538018022
2025-11-28 00:00:00+00:00,0.8629669710123131,0.7462177335267004,0.8838750827527581,,0.7573162538400139,0.6477617026729309,0.7981454655267498,0.5149402565933444
2025-11-29 00:00:00+00:00,0.8612417180828429,0.7455565821653519,0.8803508317869617,,0.7632357861266945,0.6428844228004229,0.7979065523585296,0.5084303660272992
2025-11-30 00:00:00+00:00,0.8578811974947761,0.740366899306952,0.8789583567793413,,0.7598482021168996,0.6331962177222872,0.7949262151551248,0.5198975170057479
2025-12-01 00:00:00+00:00,0.8544625007110983,0.7603945364865407,0.887922368066042,,0.7798536155577184,0.6465855035098584,0.801341484209459,0.5343447483292504
2025-12-02 00:00:00+00:00,0.8753004997749881,0.7944543803026651,0.9028297378781246,,0.8227723330803605,0.686285794768457,0.8370386321851142,0.5232765278301907
2025-12-03 00:00:00+00:00,0.8921611149840561,0.7994504549995723,0.9011621781950817,,0.836482179336322,0.6881981719454181,0.8517274314526986,0.4980339391634802
2025-12-04 00:00:00+00:00,0.8894969984898105,0.8079848931631372,0.8933500830235155,,0.8592763912874912,0.6795060963890703,0.8386466702052187,0.5057285129258643
2025-12-05 00:00:00+00:00,0.8868831091840182,0.8108302388280716,0.8920593689464121,,0.8635673490504411,0.6815521316442562,0.8362189691626906,0.5156481840614121
2025-12-06 00:00:00+00:00,0.8861142568806262,0.8075701304807348,0.8895423844684004,,0.8587862834059143,0.6813684418929117,0.8314661432461499,0.5157001257032152
2025-12-07 00:00:00+00:00,0.8765742536428239,0.8341380003419744,0.8843219361562048,,0.8651003721699397,0.6956235236477253,0.822306644037266,0.48743698063570157
2025-12-08 00:00:00+00:00,0.877105774494334,0.8288118916898378,0.8822813429579272,,0.8418745543751723,0.6922462582530854,0.822901244233158,0.491521719491819
2025-12-09 00:00:00+00:00,0.8778310820971569,0.8345889830856826,0.8779000849894204,,0.8619176557762926,0.7024752638617658,0.8217607931749372,0.47164129666835974
2025-12-10 00:00:00+00:00,0.8841182909066069,0.8292053828462402,0.8856581504224817,,0.8489991975253033,0.698084031897916,0.8196735251217754,0.7414518268211571
2025-12-11 00:00:00+00:00,0.889828768607246,0.8140133133477689,0.8626528021139219,,0.8411150468685825,0.6836895853817955,0.819477695620774,0.7447027918183907
2025-12-12 00:00:00+00:00,0.8919959296518658,0.8159508983976917,0.868096181804549,,0.8452069889766918,0.6886549614114742,0.8242169354934127,0.7592948716157373
2025-12-13 00:00:00+00:00,0.885344188128845,0.8104024943561375,0.8725430349661544,,0.8421913983668585,0.6847690440313642,0.8268463537930981,0.7932855972780335
2025-12-14 00:00:00+00:00,0.8761540341587487,0.8218485039864736,0.8770886510392668,,0.8276615326630774,0.6873037309609763,0.8304869876995061,0.7620198805843724
2025-12-15 00:00:00+00:00,0.8498524933189577,0.825223659231321,0.8783758262786103,,0.8265796127812843,0.689466352850634,0.8299965311181934,0.7780998064792913
2025-12-16 00:00:00+00:00,0.799306115645956,0.8256845772603535,0.8670975177885348,,0.8213375545979258,0.678780076781379,0.827156778055541,0.7827725947765948
2025-12-17 00:00:00+00:00,0.8003844528820915,0.8242385324003495,0.8661942530202005,,0.8239201071536854,0.6768037415346863,0.8245179958641149,0.8559778546921483
2025-12-18 00:00:00+00:00,0.8016900389207154,0.8497617515670977,0.8667058151830187,,0.8203877656839419,0.6575658936318813,0.8627137675265305,0.8490058762627327
2025-12-19 00:00:00+00:00,0.8086197142313012,0.8495192295923443,0.874526750198256,,0.8309561451360283,0.6793086721847303,0.8698093687908763,0.8504003200507347
2025-12-20 00:00:00+00:00,0.7930737906927509,0.8724453807927303,0.8569803067685908,,0.8364046204243782,0.677197947317334,0.905885853780683,0.5945476415819713
2025-12-21 00:00:00+00:00,0.7221604234000937,0.8728131307217392,0.853895847270449,,0.832592407488309,0.6628134712310612,0.9038811262966506,0.5869784606501712
2025-12-22 00:00:00+00:00,0.688567877308674,0.8711885579272426,0.8547926097190893,,0.8337299664042308,0.6631600469098412,0.9035954574424302,0.5864558969971129
2025-12-23 00:00:00+00:00,0.6708239184216811,0.8681382987722414,0.8660184416588198,,0.8462492066185399,0.6672419956603566,0.9040536323631757,0.6096650583845528
2025-12-24 00:00:00+00:00,0.6625511668102188,0.8692141299964804,0.868629886931628,,0.8564189747085721,0.6620859699949895,0.9173469886343752,0.6033727798382152
2025-12-25 00:00:00+00:00,0.6666846390435472,0.8763522341044936,0.8735648298547878,,0.8630211675064156,0.741758304686334,0.9265547068604564,0.6008948893639646
2025-12-26 00:00:00+00:00,0.6439433306812392,0.8959389811797992,0.8845168404217649,,0.8727811978575537,0.8220930193660788,0.9232195094639625,0.6184151017976477
2025-12-27 00:00:00+00:00,0.6470461392658408,0.9031383691617323,0.8910998056690077,,0.8724035066505432,0.8110914714950995,0.9340214926558347,0.6362700600562702
2025-12-28 00:00:00+00:00,0.6446311664798416,0.9030798563802204,0.8936498690617973,,0.8720035890101067,0.8106598997695256,0.9373150382062474,0.6303776635386473
2025-12-29 00:00:00+00:00,0.6479874487790118,0.9024644339214845,0.8964188110015996,,0.8739430194778156,0.812152884513398,0.9386664824845874,0.6335086887990693
2025-12-30 00:00:00+00:00,0.6435534017309423,0.8988894396488758,0.8961475787436787,,0.8729559771580729,0.7967684338246886,0.9395409915853414,0.6197802673910469
2025-12-31 00:00:00+00:00,0.6569399763806767,0.8775863035038959,0.8735088557750313,,0.8511372712013657,0.7915934155050516,0.9352508392663116,0.5825960892700724
2026-01-01 00:00:00+00:00,0.5281540305035385,0.8253831315992891,0.8433721802774109,,0.6862449664462154,0.7449106225906346,0.9019709499103237,0.5850426250639738
2026-01-02 00:00:00+00:00,0.5093417710557401,0.7657660813519328,0.8333699718585713,,0.6590189433612622,0.7053658435318767,0.8845100449090021,0.5909192516405117
2026-01-03 00:00:00+00:00,0.48998724797878607,0.7617340680743679,0.8264000162281009,,0.6609331049444856,0.6932146743521801,0.8844915461912192,0.5720926920195596
2026-01-04 00:00:00+00:00,0.4757204024886419,0.7482489360107688,0.8093093939578996,,0.6275529580340043,0.6300354342072725,0.8678016849225146,0.4977819509292804
2026-01-05 00:00:00+00:00,0.5115028100006836,0.7251426142622204,0.8142591892201277,,0.5587493373461213,0.6269151869982497,0.8737770958052065,0.5291975605830488
2026-01-06 00:00:00+00:00,0.5041245008105427,0.7423382348288222,0.8035183752564475,,0.5809035465032915,0.6462285362884472,0.8661127009888938,0.5526113157727501
2026-01-07 00:00:00+00:00,0.532194239289664,0.7430907661813936,0.8279008668718549,,0.5785351885561506,0.6604977854720393,0.8765752825885158,0.5865296852472429
2026-01-08 00:00:00+00:00,0.49423772445197683,0.7313507342305934,0.8144392735912622,,0.5767951726351089,0.6696838508071692,0.8564271191660869,0.5843118661458447
2026-01-09 00:00:00+00:00,0.4840760272348957,0.7300508230641601,0.8207823009162518,,0.5724999655628664,0.66802512558272,0.8537560861568811,0.5804894903170428
2026-01-10 00:00:00+00:00,0.47877407910185144,0.7442375005630983,0.8567490591945677,,0.578162477549246,0.6730410038554917,0.8558636459073997,0.5858055425001653
2026-01-11 00:00:00+00:00,0.4443779716014335,0.7409664242246308,0.8401639087202689,,0.5488810693772492,0.6572134891727046,0.8392612749056207,0.5858837831941696
2026-01-12 00:00:00+00:00,0.4484099269218462,0.7397745244766782,0.8369653822526709,,0.5446717110577136,0.6544655906937041,0.837091651437981,0.5825070755123052
2026-01-13 00:00:00+00:00,0.5207144326156979,0.7758418305235474,0.8895552010947936,,0.5948197765806612,0.6829436871016036,0.8339498968129457,0.6045851144535828
2026-01-14 00:00:00+00:00,0.5776011964846366,0.7489704371629157,0.874023689306965,,0.5494012281305026,0.6438605350335191,0.831798401535708,0.5678181259603182
2026-01-15 00:00:00+00:00,0.6328040624714956,0.7648609175155611,0.8930371651492363,,0.5765372713138028,0.6721848481990472,0.8453429397911885,0.5870282313022035
2026-01-16 00:00:00+00:00,0.6133825488455457,0.7542679707048136,0.8857964038147739,,0.5638080788597984,0.6490801589540891,0.8209092638094414,0.5680191092837559
2026-01-17 00:00:00+00:00,0.6036498611706447,0.7460103607141406,0.8847104151704805,,0.5573456748438674,0.6412799346946436,0.8229369606941295,0.5679309721468384
2026-01-18 00:00:00+00:00,0.5873870613683867,0.7231179247544043,0.8606337921044838,,0.5451007045886791,0.6256490016427163,0.803170322952409,0.5450860885085066
2026-01-19 00:00:00+00:00,0.5967035668162316,0.7251372505366284,0.8630324277629503,,0.5541755965799547,0.6160630912240813,0.8096936882802764,0.7797181169720876
2026-01-20 00:00:00+00:00,0.691990535703823,0.7150338328025378,0.9036523396830233,,0.5496683258286844,0.6455618866782655,0.85134711293852,0.7653688497836633
2026-01-21 00:00:00+00:00,0.7622680270834764,0.7217780717734843,0.9050978342919093,,0.55086794822987,0.6526513905228363,0.8525235533301637,0.7703772456369148
2026-01-22 00:00:00+00:00,0.7677007777838618,0.7149816591071002,0.9021535934159776,,0.5430342159555015,0.647467632891285,0.8469653387013181,0.7614190751505903
2026-01-23 00:00:00+00:00,0.7717685005788135,0.7153857150891738,0.9040942411955348,,0.5430148941979979,0.6472575843943912,0.850811485913369,0.7589278977009746
2026-01-24 00:00:00+00:00,0.7740575781006074,0.716451168803071,0.9032158417610974,,0.54159200827065,0.6462285241482326,0.8527475829586435,0.7651788184130358
2026-01-25 00:00:00+00:00,0.8011187700387269,0.7278849684477384,0.9134828171556663,,0.5579479357563168,0.6614135415485906,0.8686138146465288,0.7769838554105674
2026-01-26 00:00:00+00:00,0.8090688363560401,0.729775398568291,0.9162995577967236,,0.5653835685609713,0.6641647209483759,0.8740534528513505,0.7828310638399638
2026-01-27 00:00:00+00:00,0.8138607591130079,0.7291492250870606,0.9148788489085233,,0.566960280769292,0.6654624379222687,0.8730262504460617,0.8147968296476309
